﻿<?xml version="1.0" encoding="utf-8"?><toc><breadcrumbs><li><a href="070942b8-3a49-88f4-d9c8-08155db175a5.htm">Docs</a></li><li><a href="070942b8-3a49-88f4-d9c8-08155db175a5.htm">Software_<wbr />Engineering_<wbr />Assignment</a></li></breadcrumbs><tocItems><li><a id="50a7ae10-a699-9d08-9b6b-e286ceda104a" class="has-submenu" href="50a7ae10-a699-9d08-9b6b-e286ceda104a.htm"><span data-tocFile="../toc/IDAA.xml" class="icon toggle" onclick="ToggleExpandCollapse(this); return false;"><i class="fa fa-angle-right"> </i></span>Command<wbr />Parser</a><ul class="toc-menu is-hidden"> </ul></li><li><a id="1dab35f0-606d-c89e-fc3a-7b5b7906b3ef" class="has-submenu" href="1dab35f0-606d-c89e-fc3a-7b5b7906b3ef.htm"><span data-tocFile="../toc/IDBA.xml" class="icon toggle" onclick="ToggleExpandCollapse(this); return false;"><i class="fa fa-angle-right"> </i></span>Form<wbr />1</a><ul class="toc-menu is-hidden"> </ul></li></tocItems></toc>