﻿<?xml version="1.0" encoding="utf-8"?><toc><breadcrumbs><li><a href="070942b8-3a49-88f4-d9c8-08155db175a5.htm">Docs</a></li><li><a href="070942b8-3a49-88f4-d9c8-08155db175a5.htm">Software_<wbr />Engineering_<wbr />Assignment</a></li><li><a href="50a7ae10-a699-9d08-9b6b-e286ceda104a.htm">Command<wbr />Parser</a></li></breadcrumbs><tocItems><li><a id="507e17a0-f795-681c-0561-93154fdadc87" href="507e17a0-f795-681c-0561-93154fdadc87.htm">Constructor</a></li><li><a id="cb0914dd-03fc-cf1e-ec5b-9f47b7725e76" class="has-submenu" href="cb0914dd-03fc-cf1e-ec5b-9f47b7725e76.htm"><span data-tocFile="../toc/IDBAA.xml" class="icon toggle" onclick="ToggleExpandCollapse(this); return false;"><i class="fa fa-angle-right"> </i></span>Methods</a><ul class="toc-menu is-hidden"> </ul></li><li><a id="8f993100-1ae4-3475-3167-770155943271" class="has-submenu" href="8f993100-1ae4-3475-3167-770155943271.htm"><span data-tocFile="../toc/IDCAA.xml" class="icon toggle" onclick="ToggleExpandCollapse(this); return false;"><i class="fa fa-angle-right"> </i></span>Fields</a><ul class="toc-menu is-hidden"> </ul></li></tocItems></toc>