﻿<?xml version="1.0" encoding="utf-8"?><toc><breadcrumbs><li><a href="070942b8-3a49-88f4-d9c8-08155db175a5.htm">Docs</a></li><li><a href="4f1034e1-803c-39e1-74bb-fd85f6e51c61.htm">Software_<wbr />Engineering_<wbr />Assignment.<wbr />Commands</a></li><li><a href="50f9104e-5d01-e0e9-3cbb-5ee0924b7e0a.htm">Filter<wbr />Command</a></li></breadcrumbs><tocItems><li><a id="37c67466-9a34-f8be-8a71-982e6242c069" href="37c67466-9a34-f8be-8a71-982e6242c069.htm">Constructor</a></li><li><a id="15ff9307-16ee-f278-ed17-88a0366277b5" class="has-submenu" href="15ff9307-16ee-f278-ed17-88a0366277b5.htm"><span data-tocFile="../toc/IDBAB.xml" class="icon toggle" onclick="ToggleExpandCollapse(this); return false;"><i class="fa fa-angle-right"> </i></span>Methods</a><ul class="toc-menu is-hidden"> </ul></li></tocItems></toc>