﻿<?xml version="1.0" encoding="utf-8"?><toc><breadcrumbs><li><a href="070942b8-3a49-88f4-d9c8-08155db175a5.htm">Docs</a></li><li><a href="4f1034e1-803c-39e1-74bb-fd85f6e51c61.htm">Software_<wbr />Engineering_<wbr />Assignment.<wbr />Commands</a></li></breadcrumbs><tocItems><li><a id="50f9104e-5d01-e0e9-3cbb-5ee0924b7e0a" class="has-submenu" href="50f9104e-5d01-e0e9-3cbb-5ee0924b7e0a.htm"><span data-tocFile="../toc/IDAB.xml" class="icon toggle" onclick="ToggleExpandCollapse(this); return false;"><i class="fa fa-angle-right"> </i></span>Filter<wbr />Command</a><ul class="toc-menu is-hidden"> </ul></li></tocItems></toc>