﻿<?xml version="1.0" encoding="utf-8"?><toc><breadcrumbs><li><a href="070942b8-3a49-88f4-d9c8-08155db175a5.htm">Docs</a></li><li><a href="4f1034e1-803c-39e1-74bb-fd85f6e51c61.htm">Software_<wbr />Engineering_<wbr />Assignment.<wbr />Commands</a></li><li><a href="50f9104e-5d01-e0e9-3cbb-5ee0924b7e0a.htm">Filter<wbr />Command</a></li><li><a href="15ff9307-16ee-f278-ed17-88a0366277b5.htm">Methods</a></li></breadcrumbs><tocItems><li><a id="4411e588-80e9-102c-ad14-18a216e035ca" href="4411e588-80e9-102c-ad14-18a216e035ca.htm">Execute<wbr />Commands</a></li></tocItems></toc>