﻿<?xml version="1.0" encoding="utf-8"?><toc><breadcrumbs><li><a href="070942b8-3a49-88f4-d9c8-08155db175a5.htm">Docs</a></li><li><a href="070942b8-3a49-88f4-d9c8-08155db175a5.htm">Software_<wbr />Engineering_<wbr />Assignment</a></li><li><a href="1dab35f0-606d-c89e-fc3a-7b5b7906b3ef.htm">Form<wbr />1</a></li></breadcrumbs><tocItems><li><a id="80e95d8f-b5ec-ca0e-b7cb-23de8794b0ea" href="80e95d8f-b5ec-ca0e-b7cb-23de8794b0ea.htm">Constructor</a></li><li><a id="e5b6026d-7a4a-ccae-6a03-d163f893c0fa" href="e5b6026d-7a4a-ccae-6a03-d163f893c0fa.htm">Properties</a></li><li><a id="7125d28c-220c-4b33-4ec2-91d9b1240363" class="has-submenu" href="7125d28c-220c-4b33-4ec2-91d9b1240363.htm"><span data-tocFile="../toc/IDCBA.xml" class="icon toggle" onclick="ToggleExpandCollapse(this); return false;"><i class="fa fa-angle-right"> </i></span>Methods</a><ul class="toc-menu is-hidden"> </ul></li><li><a id="7f3b59e5-66e1-53c9-7571-fa8a96aa63b4" href="7f3b59e5-66e1-53c9-7571-fa8a96aa63b4.htm">Events</a></li></tocItems></toc>