﻿<?xml version="1.0" encoding="utf-8"?><toc><breadcrumbs><li><a href="070942b8-3a49-88f4-d9c8-08155db175a5.htm">Docs</a></li><li><a href="070942b8-3a49-88f4-d9c8-08155db175a5.htm">Software_<wbr />Engineering_<wbr />Assignment</a></li><li><a href="50a7ae10-a699-9d08-9b6b-e286ceda104a.htm">Command<wbr />Parser</a></li><li><a href="cb0914dd-03fc-cf1e-ec5b-9f47b7725e76.htm">Methods</a></li></breadcrumbs><tocItems><li><a id="10be288d-4ce6-10e7-a0cc-67e48ddf7f1b" href="10be288d-4ce6-10e7-a0cc-67e48ddf7f1b.htm">Run<wbr />Command</a></li></tocItems></toc>