﻿<?xml version="1.0" encoding="utf-8"?><toc><breadcrumbs><li><a href="070942b8-3a49-88f4-d9c8-08155db175a5.htm">Docs</a></li><li><a href="070942b8-3a49-88f4-d9c8-08155db175a5.htm">Software_<wbr />Engineering_<wbr />Assignment</a></li><li><a href="50a7ae10-a699-9d08-9b6b-e286ceda104a.htm">Command<wbr />Parser</a></li><li><a href="8f993100-1ae4-3475-3167-770155943271.htm">Fields</a></li></breadcrumbs><tocItems><li><a id="4704f58a-1a48-4b41-bcf6-b1d81bfd9ecc" href="4704f58a-1a48-4b41-bcf6-b1d81bfd9ecc.htm">command</a></li><li><a id="d5a30aa6-4a13-9d09-94c2-fcdae1f1c815" href="d5a30aa6-4a13-9d09-94c2-fcdae1f1c815.htm">fill</a></li><li><a id="f8bf8510-a3cd-044e-12f0-79f501945ea5" href="f8bf8510-a3cd-044e-12f0-79f501945ea5.htm">g</a></li><li><a id="2a2fb6d3-3d3d-d084-2cb4-b1cb161978a7" href="2a2fb6d3-3d3d-d084-2cb4-b1cb161978a7.htm">parameters</a></li><li><a id="1a115812-7bf2-115a-f407-355c665ad567" href="1a115812-7bf2-115a-f407-355c665ad567.htm">shape<wbr />Color</a></li></tocItems></toc>