﻿<?xml version="1.0" encoding="utf-8"?><toc><breadcrumbs><li><a href="070942b8-3a49-88f4-d9c8-08155db175a5.htm">Docs</a></li><li><a href="070942b8-3a49-88f4-d9c8-08155db175a5.htm">Software_<wbr />Engineering_<wbr />Assignment</a></li><li><a href="1dab35f0-606d-c89e-fc3a-7b5b7906b3ef.htm">Form<wbr />1</a></li><li><a href="7125d28c-220c-4b33-4ec2-91d9b1240363.htm">Methods</a></li></breadcrumbs><tocItems><li><a id="71dc8cbd-be90-3229-78da-7f1f84337d67" class="has-submenu" href="71dc8cbd-be90-3229-78da-7f1f84337d67.htm"><span data-tocFile="../toc/IDACBA.xml" class="icon toggle" onclick="ToggleExpandCollapse(this); return false;"><i class="fa fa-angle-right"> </i></span>Dispose</a><ul class="toc-menu is-hidden"> </ul></li></tocItems></toc>