﻿<?xml version="1.0" encoding="utf-8"?><toc><breadcrumbs><li><a href="070942b8-3a49-88f4-d9c8-08155db175a5.htm">Docs</a></li><li><a href="070942b8-3a49-88f4-d9c8-08155db175a5.htm">Software_<wbr />Engineering_<wbr />Assignment</a></li></breadcrumbs><tocItems><li><a id="d13aebfd-c619-de0a-5bf9-71ef1eed1820" class="has-submenu" href="d13aebfd-c619-de0a-5bf9-71ef1eed1820.htm"><span data-tocFile="../toc/IDAA.xml" class="icon toggle" onclick="ToggleExpandCollapse(this); return false;"><i class="fa fa-angle-right"> </i></span>Unit<wbr />Test<wbr />1</a><ul class="toc-menu is-hidden"> </ul></li></tocItems></toc>