﻿<?xml version="1.0" encoding="utf-8"?><toc><breadcrumbs><li><a href="070942b8-3a49-88f4-d9c8-08155db175a5.htm">Docs</a></li><li><a href="070942b8-3a49-88f4-d9c8-08155db175a5.htm">Software_<wbr />Engineering_<wbr />Assignment</a></li><li><a href="d13aebfd-c619-de0a-5bf9-71ef1eed1820.htm">Unit<wbr />Test<wbr />1</a></li></breadcrumbs><tocItems><li><a id="50269a1a-6194-f76c-0eba-5efabb5c93f7" href="50269a1a-6194-f76c-0eba-5efabb5c93f7.htm">Constructor</a></li><li><a id="69d6649c-b10c-c173-3264-30fa73b4cbbb" class="has-submenu" href="69d6649c-b10c-c173-3264-30fa73b4cbbb.htm"><span data-tocFile="../toc/IDBAA.xml" class="icon toggle" onclick="ToggleExpandCollapse(this); return false;"><i class="fa fa-angle-right"> </i></span>Methods</a><ul class="toc-menu is-hidden"> </ul></li></tocItems></toc>