﻿<?xml version="1.0" encoding="utf-8"?><toc><breadcrumbs><li><a href="070942b8-3a49-88f4-d9c8-08155db175a5.htm">Docs</a></li><li><a href="b5df9135-097b-1659-0c7d-b22ff85e4c38.htm">Unit<wbr />Testing</a></li><li><a href="9cedcb9c-36d5-166f-1764-2689c522b249.htm">Error<wbr />Testing<wbr />IF</a></li></breadcrumbs><tocItems><li><a id="e8d29260-0b9c-e1c4-be88-73dd43a57d12" href="e8d29260-0b9c-e1c4-be88-73dd43a57d12.htm">Constructor</a></li><li><a id="3cbdb32b-8432-fe9a-0ad3-e2fbb69fde1e" class="has-submenu" href="3cbdb32b-8432-fe9a-0ad3-e2fbb69fde1e.htm"><span data-tocFile="../toc/IDBAB.xml" class="icon toggle" onclick="ToggleExpandCollapse(this); return false;"><i class="fa fa-angle-right"> </i></span>Methods</a><ul class="toc-menu is-hidden"> </ul></li></tocItems></toc>