﻿<?xml version="1.0" encoding="utf-8"?><toc><breadcrumbs><li><a href="070942b8-3a49-88f4-d9c8-08155db175a5.htm">Docs</a></li><li><a href="b5df9135-097b-1659-0c7d-b22ff85e4c38.htm">Unit<wbr />Testing</a></li></breadcrumbs><tocItems><li><a id="9cedcb9c-36d5-166f-1764-2689c522b249" class="has-submenu" href="9cedcb9c-36d5-166f-1764-2689c522b249.htm"><span data-tocFile="../toc/IDAB.xml" class="icon toggle" onclick="ToggleExpandCollapse(this); return false;"><i class="fa fa-angle-right"> </i></span>Error<wbr />Testing<wbr />IF</a><ul class="toc-menu is-hidden"> </ul></li><li><a id="938d1a8f-885c-bdfa-f93a-c634a1113a2b" class="has-submenu" href="938d1a8f-885c-bdfa-f93a-c634a1113a2b.htm"><span data-tocFile="../toc/IDBB.xml" class="icon toggle" onclick="ToggleExpandCollapse(this); return false;"><i class="fa fa-angle-right"> </i></span>Error<wbr />Testing<wbr />Method</a><ul class="toc-menu is-hidden"> </ul></li></tocItems></toc>