﻿<?xml version="1.0" encoding="utf-8"?><toc><breadcrumbs><li><a href="070942b8-3a49-88f4-d9c8-08155db175a5.htm">Docs</a></li><li><a href="b5df9135-097b-1659-0c7d-b22ff85e4c38.htm">Unit<wbr />Testing</a></li><li><a href="9cedcb9c-36d5-166f-1764-2689c522b249.htm">Error<wbr />Testing<wbr />IF</a></li><li><a href="3cbdb32b-8432-fe9a-0ad3-e2fbb69fde1e.htm">Methods</a></li></breadcrumbs><tocItems><li><a id="8ea0c9b3-ec46-08bd-1eac-dfe3213c1def" href="8ea0c9b3-ec46-08bd-1eac-dfe3213c1def.htm">Execute<wbr />Command<wbr />With<wbr />Invalid<wbr />If<wbr />Syntax<wbr />Should<wbr />Result<wbr />Error</a></li></tocItems></toc>