﻿<?xml version="1.0" encoding="utf-8"?><toc><breadcrumbs><li><a href="070942b8-3a49-88f4-d9c8-08155db175a5.htm">Docs</a></li><li><a href="070942b8-3a49-88f4-d9c8-08155db175a5.htm">Software_<wbr />Engineering_<wbr />Assignment</a></li><li><a href="d13aebfd-c619-de0a-5bf9-71ef1eed1820.htm">Unit<wbr />Test<wbr />1</a></li><li><a href="69d6649c-b10c-c173-3264-30fa73b4cbbb.htm">Methods</a></li></breadcrumbs><tocItems><li><a id="1cfe73e2-7f3b-ccdc-b7c9-d7870160fe40" href="1cfe73e2-7f3b-ccdc-b7c9-d7870160fe40.htm">Circle<wbr />Test</a></li><li><a id="26cc486e-37a4-892a-3dd5-b067cc3d37a5" href="26cc486e-37a4-892a-3dd5-b067cc3d37a5.htm">Clear<wbr />Test</a></li><li><a id="237894b0-9703-0963-3f51-bf8bfbfb7f3c" href="237894b0-9703-0963-3f51-bf8bfbfb7f3c.htm">Draw<wbr />To<wbr />Test</a></li><li><a id="e984040b-77a7-d232-d4a1-e590a1936355" href="e984040b-77a7-d232-d4a1-e590a1936355.htm">Fill<wbr />Command<wbr />Test</a></li><li><a id="57ee70e1-44b9-95ad-a662-6cbd578ea819" href="57ee70e1-44b9-95ad-a662-6cbd578ea819.htm">moveto<wbr />Test</a></li><li><a id="19aab528-77c4-8cfb-00bf-af6e028974fb" href="19aab528-77c4-8cfb-00bf-af6e028974fb.htm">Negative<wbr />Circle<wbr />Test</a></li><li><a id="cb3d91f6-6adf-4e4c-9ae2-8bb1b1582652" href="cb3d91f6-6adf-4e4c-9ae2-8bb1b1582652.htm">Negative<wbr />Rectangle<wbr />Test</a></li><li><a id="dfe503ca-5841-56c8-bdf6-1c06988fb56c" href="dfe503ca-5841-56c8-bdf6-1c06988fb56c.htm">Negative<wbr />Triangle<wbr />Test</a></li><li><a id="3d6db103-3b4e-e9ef-2923-24c7d4aeb06e" href="3d6db103-3b4e-e9ef-2923-24c7d4aeb06e.htm">Pen<wbr />Color<wbr />Test<wbr />1</a></li><li><a id="f6874a6f-b28c-e025-d604-cce168655ce1" href="f6874a6f-b28c-e025-d604-cce168655ce1.htm">Pen<wbr />Color<wbr />Test<wbr />2</a></li><li><a id="c637e15e-c054-d8fc-651e-ab8e56f30f9e" href="c637e15e-c054-d8fc-651e-ab8e56f30f9e.htm">Pen<wbr />Color<wbr />Test<wbr />3</a></li><li><a id="bb1f3e08-91b1-ddb0-ac56-f3caa0abe3bc" href="bb1f3e08-91b1-ddb0-ac56-f3caa0abe3bc.htm">Positive<wbr />Rectangle<wbr />Test</a></li><li><a id="77555cd6-907d-7423-8496-9fc4e7b4fbe0" href="77555cd6-907d-7423-8496-9fc4e7b4fbe0.htm">Positive<wbr />Triangle<wbr />Test</a></li><li><a id="d40e6232-d511-e242-f5b7-8de50be2dff7" href="d40e6232-d511-e242-f5b7-8de50be2dff7.htm">Reset<wbr />Test</a></li></tocItems></toc>