﻿<?xml version="1.0" encoding="utf-8"?><toc><breadcrumbs><li><a href="070942b8-3a49-88f4-d9c8-08155db175a5.htm">Docs</a></li><li><a href="b5df9135-097b-1659-0c7d-b22ff85e4c38.htm">Unit<wbr />Testing</a></li><li><a href="938d1a8f-885c-bdfa-f93a-c634a1113a2b.htm">Error<wbr />Testing<wbr />Method</a></li><li><a href="a477e1a9-bfa1-eb57-bc83-a7a9f90f22b2.htm">Methods</a></li></breadcrumbs><tocItems><li><a id="80cfb980-94c7-6473-0772-6b880b8439ca" href="80cfb980-94c7-6473-0772-6b880b8439ca.htm">Execute<wbr />Command<wbr />With<wbr />Invalid<wbr />Method<wbr />Syntax<wbr />Should<wbr />Result<wbr />Error</a></li></tocItems></toc>