﻿<?xml version="1.0" encoding="utf-8"?><toc><breadcrumbs><li><a href="070942b8-3a49-88f4-d9c8-08155db175a5.htm">Docs</a></li><li><a href="b5df9135-097b-1659-0c7d-b22ff85e4c38.htm">Unit<wbr />Testing</a></li><li><a href="938d1a8f-885c-bdfa-f93a-c634a1113a2b.htm">Error<wbr />Testing<wbr />Method</a></li></breadcrumbs><tocItems><li><a id="466f8b23-9b35-aef7-91c1-ee332664f75c" href="466f8b23-9b35-aef7-91c1-ee332664f75c.htm">Constructor</a></li><li><a id="a477e1a9-bfa1-eb57-bc83-a7a9f90f22b2" class="has-submenu" href="a477e1a9-bfa1-eb57-bc83-a7a9f90f22b2.htm"><span data-tocFile="../toc/IDBBB.xml" class="icon toggle" onclick="ToggleExpandCollapse(this); return false;"><i class="fa fa-angle-right"> </i></span>Methods</a><ul class="toc-menu is-hidden"> </ul></li></tocItems></toc>