﻿<?xml version="1.0" encoding="utf-8"?><toc><breadcrumbs><li><a href="070942b8-3a49-88f4-d9c8-08155db175a5.htm">Docs</a></li></breadcrumbs><tocItems><li><a id="070942b8-3a49-88f4-d9c8-08155db175a5" class="has-submenu" href="070942b8-3a49-88f4-d9c8-08155db175a5.htm"><span data-tocFile="../toc/IDA.xml" class="icon toggle" onclick="ToggleExpandCollapse(this); return false;"><i class="fa fa-angle-right"> </i></span>Software_<wbr />Engineering_<wbr />Assignment</a><ul class="toc-menu is-hidden"> </ul></li><li><a id="b5df9135-097b-1659-0c7d-b22ff85e4c38" class="has-submenu" href="b5df9135-097b-1659-0c7d-b22ff85e4c38.htm"><span data-tocFile="../toc/IDB.xml" class="icon toggle" onclick="ToggleExpandCollapse(this); return false;"><i class="fa fa-angle-right"> </i></span>Unit<wbr />Testing</a><ul class="toc-menu is-hidden"> </ul></li></tocItems></toc>